{
    "t": [
        690952.9369419415,
        5335977.822957996
    ],
    "theta": 1.1958801418366802
}